<?xml version="1.0" encoding="UTF-8"?>
<!DOCTYPE generatorConfiguration
        PUBLIC "-//mybatis.org//DTD MyBatis Generator Configuration 1.0//EN"
        "http://mybatis.org/dtd/mybatis-generator-config_1_0.dtd">
<generatorConfiguration>
    <!--数据库驱动-->

    <classPathEntry
            location="D:\download\BaiduNetdiskDownload\广陵散教学\代码和PPT\代码和PPT\day17\code\day17\WebRoot\WEB-INF\lib\mysql-connector-java-5.0.8-bin.jar"/><!-- 驱动位置-->
    <context id="DB2Tables" targetRuntime="MyBatis3">
        <commentGenerator>
            <property name="suppressDate" value="true"/>
            <property name="suppressAllComments" value="true"/>
        </commentGenerator>
        <!--数据库链接地址账号密码-->
        <jdbcConnection driverClass="com.mysql.jdbc.Driver" connectionURL="jdbc:mysql://localhost:3306/menu"
                        userId="root" password="123456">
        </jdbcConnection>
        <javaTypeResolver>
            <property name="forceBigDecimals" value="false"/>
        </javaTypeResolver>
        <!--生成Model类存放位置-->
        <javaModelGenerator targetPackage="com.yaozj.menu.domain"
                            targetProject="D:\develop\idea_project\menu\src\main\java">
            <property name="enableSubPackages" value="true"/>
            <property name="trimStrings" value="true"/>
        </javaModelGenerator>
        <!--生成映射文件存放位置-->
        <sqlMapGenerator targetPackage="mapper" targetProject="D:\develop\idea_project\menu\src\main\resources">
            <property name="enableSubPackages" value="true"/>
        </sqlMapGenerator>
        <!--生成Dao类存放位置-->
        <javaClientGenerator type="XMLMAPPER" targetPackage="com.yaozj.menu.mapper"
                             targetProject="D:\develop\idea_project\menu\src\main\java">
            <property name="enableSubPackages" value="true"/>
        </javaClientGenerator>
        <!--生成对应表及类名-->
        <table tableName="orderDetail" domainObjectName="OrderDetail" enableCountByExample="true"
               enableUpdateByExample="true" enableDeleteByExample="true" enableSelectByExample="true"
               selectByExampleQueryId="true">
            <property name="useActualColumnNames" value="true"/>
        </table>
        <!--    <table tableName="dept" domainObjectName="Department" enableCountByExample="true" enableUpdateByExample="true" enableDeleteByExample="true" enableSelectByExample="true" selectByExampleQueryId="true"></table> -->
    </context>
</generatorConfiguration>