<?xml version="1.0" encoding="UTF-8"?>
<!DOCTYPE mapper PUBLIC "-//mybatis.org//DTD Mapper 3.0//EN" "http://mybatis.org/dtd/mybatis-3-mapper.dtd">
<mapper namespace="com.yaozj.menu.mapper.CommodityMapper">
    <resultMap id="BaseResultMap" type="com.yaozj.menu.domain.Commodity">
        <id column="id" jdbcType="INTEGER" property="id"/>
        <result column="name" jdbcType="VARCHAR" property="name"/>
        <result column="unitId" jdbcType="INTEGER" property="unitId"/>
        <result column="initial" jdbcType="VARCHAR" property="initial"/>
        <result column="status" jdbcType="INTEGER" property="status"/>
    </resultMap>
    <sql id="Example_Where_Clause">
        <where>
            <foreach collection="oredCriteria" item="criteria" separator="or">
                <if test="criteria.valid">
                    <trim prefix="(" prefixOverrides="and" suffix=")">
                        <foreach collection="criteria.criteria" item="criterion">
                            <choose>
                                <when test="criterion.noValue">
                                    and ${criterion.condition}
                                </when>
                                <when test="criterion.singleValue">
                                    and ${criterion.condition} #{criterion.value}
                                </when>
                                <when test="criterion.betweenValue">
                                    and ${criterion.condition} #{criterion.value} and #{criterion.secondValue}
                                </when>
                                <when test="criterion.listValue">
                                    and ${criterion.condition}
                                    <foreach close=")" collection="criterion.value" item="listItem" open="("
                                             separator=",">
                                        #{listItem}
                                    </foreach>
                                </when>
                            </choose>
                        </foreach>
                    </trim>
                </if>
            </foreach>
        </where>
    </sql>
    <sql id="Update_By_Example_Where_Clause">
        <where>
            <foreach collection="example.oredCriteria" item="criteria" separator="or">
                <if test="criteria.valid">
                    <trim prefix="(" prefixOverrides="and" suffix=")">
                        <foreach collection="criteria.criteria" item="criterion">
                            <choose>
                                <when test="criterion.noValue">
                                    and ${criterion.condition}
                                </when>
                                <when test="criterion.singleValue">
                                    and ${criterion.condition} #{criterion.value}
                                </when>
                                <when test="criterion.betweenValue">
                                    and ${criterion.condition} #{criterion.value} and #{criterion.secondValue}
                                </when>
                                <when test="criterion.listValue">
                                    and ${criterion.condition}
                                    <foreach close=")" collection="criterion.value" item="listItem" open="("
                                             separator=",">
                                        #{listItem}
                                    </foreach>
                                </when>
                            </choose>
                        </foreach>
                    </trim>
                </if>
            </foreach>
        </where>
    </sql>
    <sql id="Base_Column_List">
    id, name, unitId, initial, status
  </sql>
    <select id="selectByExample" parameterType="com.yaozj.menu.domain.CommodityExample" resultMap="BaseResultMap">
        select
        <if test="distinct">
            distinct
        </if>
        'true' as QUERYID,
        <include refid="Base_Column_List"/>
        from commodity
        <if test="_parameter != null">
            <include refid="Example_Where_Clause"/>
        </if>
        <if test="orderByClause != null">
            order by ${orderByClause}
        </if>
    </select>
    <select id="selectByPrimaryKey" parameterType="java.lang.Integer" resultMap="BaseResultMap">
        select
        <include refid="Base_Column_List"/>
        from commodity
        where id = #{id,jdbcType=INTEGER}
    </select>
    <delete id="deleteByPrimaryKey" parameterType="java.lang.Integer">
    delete from commodity
    where id = #{id,jdbcType=INTEGER}
  </delete>
    <delete id="deleteByExample" parameterType="com.yaozj.menu.domain.CommodityExample">
        delete from commodity
        <if test="_parameter != null">
            <include refid="Example_Where_Clause"/>
        </if>
    </delete>
    <insert id="insert" parameterType="com.yaozj.menu.domain.Commodity">
    insert into commodity (id, name, unitId, 
      initial, status)
    values (#{id,jdbcType=INTEGER}, #{name,jdbcType=VARCHAR}, #{unitId,jdbcType=INTEGER}, 
      #{initial,jdbcType=VARCHAR}, #{status,jdbcType=INTEGER})
  </insert>
    <insert id="insertSelective" parameterType="com.yaozj.menu.domain.Commodity">
        insert into commodity
        <trim prefix="(" suffix=")" suffixOverrides=",">
            <if test="id != null">
                id,
            </if>
            <if test="name != null">
                name,
            </if>
            <if test="unitId != null">
                unitId,
            </if>
            <if test="initial != null">
                initial,
            </if>
            <if test="status != null">
                status,
            </if>
        </trim>
        <trim prefix="values (" suffix=")" suffixOverrides=",">
            <if test="id != null">
                #{id,jdbcType=INTEGER},
            </if>
            <if test="name != null">
                #{name,jdbcType=VARCHAR},
            </if>
            <if test="unitId != null">
                #{unitId,jdbcType=INTEGER},
            </if>
            <if test="initial != null">
                #{initial,jdbcType=VARCHAR},
            </if>
            <if test="status != null">
                #{status,jdbcType=INTEGER},
            </if>
        </trim>
    </insert>
    <select id="countByExample" parameterType="com.yaozj.menu.domain.CommodityExample" resultType="java.lang.Long">
        select count(*) from commodity
        <if test="_parameter != null">
            <include refid="Example_Where_Clause"/>
        </if>
    </select>
    <update id="updateByExampleSelective" parameterType="map">
        update commodity
        <set>
            <if test="record.id != null">
                id = #{record.id,jdbcType=INTEGER},
            </if>
            <if test="record.name != null">
                name = #{record.name,jdbcType=VARCHAR},
            </if>
            <if test="record.unitId != null">
                unitId = #{record.unitId,jdbcType=INTEGER},
            </if>
            <if test="record.initial != null">
                initial = #{record.initial,jdbcType=VARCHAR},
            </if>
            <if test="record.status != null">
                status = #{record.status,jdbcType=INTEGER},
            </if>
        </set>
        <if test="_parameter != null">
            <include refid="Update_By_Example_Where_Clause"/>
        </if>
    </update>
    <update id="updateByExample" parameterType="map">
        update commodity
        set id = #{record.id,jdbcType=INTEGER},
        name = #{record.name,jdbcType=VARCHAR},
        unitId = #{record.unitId,jdbcType=INTEGER},
        initial = #{record.initial,jdbcType=VARCHAR},
        status = #{record.status,jdbcType=INTEGER}
        <if test="_parameter != null">
            <include refid="Update_By_Example_Where_Clause"/>
        </if>
    </update>
    <update id="updateByPrimaryKeySelective" parameterType="com.yaozj.menu.domain.Commodity">
        update commodity
        <set>
            <if test="name != null">
                name = #{name,jdbcType=VARCHAR},
            </if>
            <if test="unitId != null">
                unitId = #{unitId,jdbcType=INTEGER},
            </if>
            <if test="initial != null">
                initial = #{initial,jdbcType=VARCHAR},
            </if>
            <if test="status != null">
                status = #{status,jdbcType=INTEGER},
            </if>
        </set>
        where id = #{id,jdbcType=INTEGER}
    </update>

    <select id="getLastCommodityByParam" resultMap="BaseResultMap">
        SELECT
        <include refid="Base_Column_List"/>
        FROM
        commodity
        WHERE
        `name` = #{name,jdbcType=VARCHAR}
        and `status` = 1
        ORDER BY
        id DESC
        LIMIT 1
    </select>
</mapper>