<?xml version="1.0" encoding="UTF-8"?>
<!DOCTYPE mapper PUBLIC "-//mybatis.org//DTD Mapper 3.0//EN" "http://mybatis.org/dtd/mybatis-3-mapper.dtd">
<mapper namespace="com.yaozj.menu.mapper.OrdersMapper">
    <resultMap id="BaseResultMap" type="com.yaozj.menu.domain.Orders">
        <id column="id" jdbcType="INTEGER" property="id"/>
        <result column="orderNo" jdbcType="VARCHAR" property="orderNo"/>
        <result column="name" jdbcType="VARCHAR" property="name"/>
        <result column="addr" jdbcType="VARCHAR" property="addr"/>
        <result column="phoneNo" jdbcType="VARCHAR" property="phoneNo"/>
        <result column="total" jdbcType="DECIMAL" property="total"/>
        <result column="createTime" jdbcType="TIMESTAMP" property="createTime"/>
        <result column="solarCalendar" jdbcType="DATE" property="solarCalendar"/>
        <result column="lunarCalendar" jdbcType="VARCHAR" property="lunarCalendar"/>
        <result column="status" jdbcType="INTEGER" property="status"/>
    </resultMap>
    <sql id="Example_Where_Clause">
        <where>
            <foreach collection="oredCriteria" item="criteria" separator="or">
                <if test="criteria.valid">
                    <trim prefix="(" prefixOverrides="and" suffix=")">
                        <foreach collection="criteria.criteria" item="criterion">
                            <choose>
                                <when test="criterion.noValue">
                                    and ${criterion.condition}
                                </when>
                                <when test="criterion.singleValue">
                                    and ${criterion.condition} #{criterion.value}
                                </when>
                                <when test="criterion.betweenValue">
                                    and ${criterion.condition} #{criterion.value} and #{criterion.secondValue}
                                </when>
                                <when test="criterion.listValue">
                                    and ${criterion.condition}
                                    <foreach close=")" collection="criterion.value" item="listItem" open="("
                                             separator=",">
                                        #{listItem}
                                    </foreach>
                                </when>
                            </choose>
                        </foreach>
                    </trim>
                </if>
            </foreach>
        </where>
    </sql>
    <sql id="Update_By_Example_Where_Clause">
        <where>
            <foreach collection="example.oredCriteria" item="criteria" separator="or">
                <if test="criteria.valid">
                    <trim prefix="(" prefixOverrides="and" suffix=")">
                        <foreach collection="criteria.criteria" item="criterion">
                            <choose>
                                <when test="criterion.noValue">
                                    and ${criterion.condition}
                                </when>
                                <when test="criterion.singleValue">
                                    and ${criterion.condition} #{criterion.value}
                                </when>
                                <when test="criterion.betweenValue">
                                    and ${criterion.condition} #{criterion.value} and #{criterion.secondValue}
                                </when>
                                <when test="criterion.listValue">
                                    and ${criterion.condition}
                                    <foreach close=")" collection="criterion.value" item="listItem" open="("
                                             separator=",">
                                        #{listItem}
                                    </foreach>
                                </when>
                            </choose>
                        </foreach>
                    </trim>
                </if>
            </foreach>
        </where>
    </sql>
    <sql id="Base_Column_List">
    id, orderNo, name, addr, phoneNo, total, createTime, solarCalendar, lunarCalendar, 
    status
  </sql>
    <select id="selectByExample" parameterType="com.yaozj.menu.domain.OrdersExample" resultMap="BaseResultMap">
        select
        <if test="distinct">
            distinct
        </if>
        'true' as QUERYID,
        <include refid="Base_Column_List"/>
        from orders
        <if test="_parameter != null">
            <include refid="Example_Where_Clause"/>
        </if>
        <if test="orderByClause != null">
            order by ${orderByClause}
        </if>
    </select>
    <select id="selectByPrimaryKey" parameterType="java.lang.Integer" resultMap="BaseResultMap">
        select
        <include refid="Base_Column_List"/>
        from orders
        where id = #{id,jdbcType=INTEGER}
    </select>
    <delete id="deleteByPrimaryKey" parameterType="java.lang.Integer">
    delete from orders
    where id = #{id,jdbcType=INTEGER}
  </delete>
    <delete id="deleteByExample" parameterType="com.yaozj.menu.domain.OrdersExample">
        delete from orders
        <if test="_parameter != null">
            <include refid="Example_Where_Clause"/>
        </if>
    </delete>
    <insert id="insert" parameterType="com.yaozj.menu.domain.Orders">
    insert into orders (id, orderNo, name, 
      addr, phoneNo, total, 
      createTime, solarCalendar, lunarCalendar, 
      status)
    values (#{id,jdbcType=INTEGER}, #{orderNo,jdbcType=VARCHAR}, #{name,jdbcType=VARCHAR}, 
      #{addr,jdbcType=VARCHAR}, #{phoneNo,jdbcType=VARCHAR}, #{total,jdbcType=DECIMAL}, 
      #{createTime,jdbcType=TIMESTAMP}, #{solarCalendar,jdbcType=DATE}, #{lunarCalendar,jdbcType=VARCHAR}, 
      #{status,jdbcType=INTEGER})
  </insert>
    <insert id="insertSelective" parameterType="com.yaozj.menu.domain.Orders">
        insert into orders
        <trim prefix="(" suffix=")" suffixOverrides=",">
            <if test="id != null">
                id,
            </if>
            <if test="orderNo != null">
                orderNo,
            </if>
            <if test="name != null">
                name,
            </if>
            <if test="addr != null">
                addr,
            </if>
            <if test="phoneNo != null">
                phoneNo,
            </if>
            <if test="total != null">
                total,
            </if>
            <if test="createTime != null">
                createTime,
            </if>
            <if test="solarCalendar != null">
                solarCalendar,
            </if>
            <if test="lunarCalendar != null">
                lunarCalendar,
            </if>
            <if test="status != null">
                status,
            </if>
        </trim>
        <trim prefix="values (" suffix=")" suffixOverrides=",">
            <if test="id != null">
                #{id,jdbcType=INTEGER},
            </if>
            <if test="orderNo != null">
                #{orderNo,jdbcType=VARCHAR},
            </if>
            <if test="name != null">
                #{name,jdbcType=VARCHAR},
            </if>
            <if test="addr != null">
                #{addr,jdbcType=VARCHAR},
            </if>
            <if test="phoneNo != null">
                #{phoneNo,jdbcType=VARCHAR},
            </if>
            <if test="total != null">
                #{total,jdbcType=DECIMAL},
            </if>
            <if test="createTime != null">
                #{createTime,jdbcType=TIMESTAMP},
            </if>
            <if test="solarCalendar != null">
                #{solarCalendar,jdbcType=DATE},
            </if>
            <if test="lunarCalendar != null">
                #{lunarCalendar,jdbcType=VARCHAR},
            </if>
            <if test="status != null">
                #{status,jdbcType=INTEGER},
            </if>
        </trim>
    </insert>
    <select id="countByExample" parameterType="com.yaozj.menu.domain.OrdersExample" resultType="java.lang.Long">
        select count(*) from orders
        <if test="_parameter != null">
            <include refid="Example_Where_Clause"/>
        </if>
    </select>
    <update id="updateByExampleSelective" parameterType="map">
        update orders
        <set>
            <if test="record.id != null">
                id = #{record.id,jdbcType=INTEGER},
            </if>
            <if test="record.orderNo != null">
                orderNo = #{record.orderNo,jdbcType=VARCHAR},
            </if>
            <if test="record.name != null">
                name = #{record.name,jdbcType=VARCHAR},
            </if>
            <if test="record.addr != null">
                addr = #{record.addr,jdbcType=VARCHAR},
            </if>
            <if test="record.phoneNo != null">
                phoneNo = #{record.phoneNo,jdbcType=VARCHAR},
            </if>
            <if test="record.total != null">
                total = #{record.total,jdbcType=DECIMAL},
            </if>
            <if test="record.createTime != null">
                createTime = #{record.createTime,jdbcType=TIMESTAMP},
            </if>
            <if test="record.solarCalendar != null">
                solarCalendar = #{record.solarCalendar,jdbcType=DATE},
            </if>
            <if test="record.lunarCalendar != null">
                lunarCalendar = #{record.lunarCalendar,jdbcType=VARCHAR},
            </if>
            <if test="record.status != null">
                status = #{record.status,jdbcType=INTEGER},
            </if>
        </set>
        <if test="_parameter != null">
            <include refid="Update_By_Example_Where_Clause"/>
        </if>
    </update>
    <update id="updateByExample" parameterType="map">
        update orders
        set id = #{record.id,jdbcType=INTEGER},
        orderNo = #{record.orderNo,jdbcType=VARCHAR},
        name = #{record.name,jdbcType=VARCHAR},
        addr = #{record.addr,jdbcType=VARCHAR},
        phoneNo = #{record.phoneNo,jdbcType=VARCHAR},
        total = #{record.total,jdbcType=DECIMAL},
        createTime = #{record.createTime,jdbcType=TIMESTAMP},
        solarCalendar = #{record.solarCalendar,jdbcType=DATE},
        lunarCalendar = #{record.lunarCalendar,jdbcType=VARCHAR},
        status = #{record.status,jdbcType=INTEGER}
        <if test="_parameter != null">
            <include refid="Update_By_Example_Where_Clause"/>
        </if>
    </update>
    <update id="updateByPrimaryKeySelective" parameterType="com.yaozj.menu.domain.Orders">
        update orders
        <set>
            <if test="orderNo != null">
                orderNo = #{orderNo,jdbcType=VARCHAR},
            </if>
            <if test="name != null">
                name = #{name,jdbcType=VARCHAR},
            </if>
            <if test="addr != null">
                addr = #{addr,jdbcType=VARCHAR},
            </if>
            <if test="phoneNo != null">
                phoneNo = #{phoneNo,jdbcType=VARCHAR},
            </if>
            <if test="total != null">
                total = #{total,jdbcType=DECIMAL},
            </if>
            <if test="createTime != null">
                createTime = #{createTime,jdbcType=TIMESTAMP},
            </if>
            <if test="solarCalendar != null">
                solarCalendar = #{solarCalendar,jdbcType=DATE},
            </if>
            <if test="lunarCalendar != null">
                lunarCalendar = #{lunarCalendar,jdbcType=VARCHAR},
            </if>
            <if test="status != null">
                status = #{status,jdbcType=INTEGER},
            </if>
        </set>
        where id = #{id,jdbcType=INTEGER}
    </update>
    <update id="updateByPrimaryKey" parameterType="com.yaozj.menu.domain.Orders">
    update orders
    set orderNo = #{orderNo,jdbcType=VARCHAR},
      name = #{name,jdbcType=VARCHAR},
      addr = #{addr,jdbcType=VARCHAR},
      phoneNo = #{phoneNo,jdbcType=VARCHAR},
      total = #{total,jdbcType=DECIMAL},
      createTime = #{createTime,jdbcType=TIMESTAMP},
      solarCalendar = #{solarCalendar,jdbcType=DATE},
      lunarCalendar = #{lunarCalendar,jdbcType=VARCHAR},
      status = #{status,jdbcType=INTEGER}
    where id = #{id,jdbcType=INTEGER}
  </update>

    <select id="getOrderList" parameterType="java.util.Map" resultMap="BaseResultMap">
        SELECT
            id, orderNo, name, addr, phoneNo, total, createTime, solarCalendar, lunarCalendar, status
        FROM
            orders
        WHERE
            createTime BETWEEN #{startTime,jdbcType=VARCHAR}
        AND #{endTime,jdbcType=VARCHAR}
        order by createTime desc
        LIMIT #{start,jdbcType=INTEGER},#{length,jdbcType=INTEGER}
    </select>
    <select id="getOrderListCount" parameterType="java.util.Map" resultType="java.lang.Long">
        SELECT
            count(0)
        FROM
            orders
        WHERE
            createTime BETWEEN #{startTime,jdbcType=VARCHAR}
        AND #{endTime,jdbcType=VARCHAR}
    </select>
</mapper>