<?xml version="1.0" encoding="UTF-8"?>
<!DOCTYPE mapper PUBLIC "-//mybatis.org//DTD Mapper 3.0//EN" "http://mybatis.org/dtd/mybatis-3-mapper.dtd">
<mapper namespace="com.yaozj.menu.mapper.OrderDetailMapper">
    <resultMap id="BaseResultMap" type="com.yaozj.menu.domain.OrderDetail">
        <id column="id" jdbcType="INTEGER" property="id"/>
        <result column="orderNo" jdbcType="VARCHAR" property="orderNo"/>
        <result column="commodityId" jdbcType="INTEGER" property="commodityId"/>
        <result column="price" jdbcType="DECIMAL" property="price"/>
        <result column="weight" jdbcType="DECIMAL" property="weight"/>
        <result column="unitId" jdbcType="INTEGER" property="unitId"/>
        <result column="subtotal" jdbcType="DECIMAL" property="subtotal"/>
        <result column="type" jdbcType="INTEGER" property="type"/>
    </resultMap>
    <sql id="Example_Where_Clause">
        <where>
            <foreach collection="oredCriteria" item="criteria" separator="or">
                <if test="criteria.valid">
                    <trim prefix="(" prefixOverrides="and" suffix=")">
                        <foreach collection="criteria.criteria" item="criterion">
                            <choose>
                                <when test="criterion.noValue">
                                    and ${criterion.condition}
                                </when>
                                <when test="criterion.singleValue">
                                    and ${criterion.condition} #{criterion.value}
                                </when>
                                <when test="criterion.betweenValue">
                                    and ${criterion.condition} #{criterion.value} and #{criterion.secondValue}
                                </when>
                                <when test="criterion.listValue">
                                    and ${criterion.condition}
                                    <foreach close=")" collection="criterion.value" item="listItem" open="("
                                             separator=",">
                                        #{listItem}
                                    </foreach>
                                </when>
                            </choose>
                        </foreach>
                    </trim>
                </if>
            </foreach>
        </where>
    </sql>
    <sql id="Update_By_Example_Where_Clause">
        <where>
            <foreach collection="example.oredCriteria" item="criteria" separator="or">
                <if test="criteria.valid">
                    <trim prefix="(" prefixOverrides="and" suffix=")">
                        <foreach collection="criteria.criteria" item="criterion">
                            <choose>
                                <when test="criterion.noValue">
                                    and ${criterion.condition}
                                </when>
                                <when test="criterion.singleValue">
                                    and ${criterion.condition} #{criterion.value}
                                </when>
                                <when test="criterion.betweenValue">
                                    and ${criterion.condition} #{criterion.value} and #{criterion.secondValue}
                                </when>
                                <when test="criterion.listValue">
                                    and ${criterion.condition}
                                    <foreach close=")" collection="criterion.value" item="listItem" open="("
                                             separator=",">
                                        #{listItem}
                                    </foreach>
                                </when>
                            </choose>
                        </foreach>
                    </trim>
                </if>
            </foreach>
        </where>
    </sql>
    <sql id="Base_Column_List">
    id, orderNo, commodityId, price, weight, unitId, subtotal, type
  </sql>
    <select id="selectByExample" parameterType="com.yaozj.menu.domain.OrderDetailExample" resultMap="BaseResultMap">
        select
        <if test="distinct">
            distinct
        </if>
        'true' as QUERYID,
        <include refid="Base_Column_List"/>
        from orderdetail
        <if test="_parameter != null">
            <include refid="Example_Where_Clause"/>
        </if>
        <if test="orderByClause != null">
            order by ${orderByClause}
        </if>
    </select>
    <select id="selectByPrimaryKey" parameterType="java.lang.Integer" resultMap="BaseResultMap">
        select
        <include refid="Base_Column_List"/>
        from orderdetail
        where id = #{id,jdbcType=INTEGER}
    </select>
    <delete id="deleteByPrimaryKey" parameterType="java.lang.Integer">
    delete from orderdetail
    where id = #{id,jdbcType=INTEGER}
  </delete>
    <delete id="deleteByExample" parameterType="com.yaozj.menu.domain.OrderDetailExample">
        delete from orderdetail
        <if test="_parameter != null">
            <include refid="Example_Where_Clause"/>
        </if>
    </delete>
    <insert id="insert" parameterType="com.yaozj.menu.domain.OrderDetail">
    insert into orderdetail (id, orderNo, commodityId, 
      price, weight, unitId, 
      subtotal, type)
    values (#{id,jdbcType=INTEGER}, #{orderNo,jdbcType=VARCHAR}, #{commodityId,jdbcType=INTEGER}, 
      #{price,jdbcType=DECIMAL}, #{weight,jdbcType=DECIMAL}, #{unitId,jdbcType=INTEGER}, 
      #{subtotal,jdbcType=DECIMAL}, #{type,jdbcType=INTEGER})
  </insert>
    <insert id="insertSelective" parameterType="com.yaozj.menu.domain.OrderDetail">
        insert into orderdetail
        <trim prefix="(" suffix=")" suffixOverrides=",">
            <if test="id != null">
                id,
            </if>
            <if test="orderNo != null">
                orderNo,
            </if>
            <if test="commodityId != null">
                commodityId,
            </if>
            <if test="price != null">
                price,
            </if>
            <if test="weight != null">
                weight,
            </if>
            <if test="unitId != null">
                unitId,
            </if>
            <if test="subtotal != null">
                subtotal,
            </if>
            <if test="type != null">
                type,
            </if>
        </trim>
        <trim prefix="values (" suffix=")" suffixOverrides=",">
            <if test="id != null">
                #{id,jdbcType=INTEGER},
            </if>
            <if test="orderNo != null">
                #{orderNo,jdbcType=VARCHAR},
            </if>
            <if test="commodityId != null">
                #{commodityId,jdbcType=INTEGER},
            </if>
            <if test="price != null">
                #{price,jdbcType=DECIMAL},
            </if>
            <if test="weight != null">
                #{weight,jdbcType=DECIMAL},
            </if>
            <if test="unitId != null">
                #{unitId,jdbcType=INTEGER},
            </if>
            <if test="subtotal != null">
                #{subtotal,jdbcType=DECIMAL},
            </if>
            <if test="type != null">
                #{type,jdbcType=INTEGER},
            </if>
        </trim>
    </insert>
    <select id="countByExample" parameterType="com.yaozj.menu.domain.OrderDetailExample" resultType="java.lang.Long">
        select count(*) from orderdetail
        <if test="_parameter != null">
            <include refid="Example_Where_Clause"/>
        </if>
    </select>
    <update id="updateByExampleSelective" parameterType="map">
        update orderdetail
        <set>
            <if test="record.id != null">
                id = #{record.id,jdbcType=INTEGER},
            </if>
            <if test="record.orderNo != null">
                orderNo = #{record.orderNo,jdbcType=VARCHAR},
            </if>
            <if test="record.commodityId != null">
                commodityId = #{record.commodityId,jdbcType=INTEGER},
            </if>
            <if test="record.price != null">
                price = #{record.price,jdbcType=DECIMAL},
            </if>
            <if test="record.weight != null">
                weight = #{record.weight,jdbcType=DECIMAL},
            </if>
            <if test="record.unitId != null">
                unitId = #{record.unitId,jdbcType=INTEGER},
            </if>
            <if test="record.subtotal != null">
                subtotal = #{record.subtotal,jdbcType=DECIMAL},
            </if>
            <if test="record.type != null">
                type = #{record.type,jdbcType=INTEGER},
            </if>
        </set>
        <if test="_parameter != null">
            <include refid="Update_By_Example_Where_Clause"/>
        </if>
    </update>
    <update id="updateByExample" parameterType="map">
        update orderdetail
        set id = #{record.id,jdbcType=INTEGER},
        orderNo = #{record.orderNo,jdbcType=VARCHAR},
        commodityId = #{record.commodityId,jdbcType=INTEGER},
        price = #{record.price,jdbcType=DECIMAL},
        weight = #{record.weight,jdbcType=DECIMAL},
        unitId = #{record.unitId,jdbcType=INTEGER},
        subtotal = #{record.subtotal,jdbcType=DECIMAL},
        type = #{record.type,jdbcType=INTEGER}
        <if test="_parameter != null">
            <include refid="Update_By_Example_Where_Clause"/>
        </if>
    </update>
    <update id="updateByPrimaryKeySelective" parameterType="com.yaozj.menu.domain.OrderDetail">
        update orderdetail
        <set>
            <if test="orderNo != null">
                orderNo = #{orderNo,jdbcType=VARCHAR},
            </if>
            <if test="commodityId != null">
                commodityId = #{commodityId,jdbcType=INTEGER},
            </if>
            <if test="price != null">
                price = #{price,jdbcType=DECIMAL},
            </if>
            <if test="weight != null">
                weight = #{weight,jdbcType=DECIMAL},
            </if>
            <if test="unitId != null">
                unitId = #{unitId,jdbcType=INTEGER},
            </if>
            <if test="subtotal != null">
                subtotal = #{subtotal,jdbcType=DECIMAL},
            </if>
            <if test="type != null">
                type = #{type,jdbcType=INTEGER},
            </if>
        </set>
        where id = #{id,jdbcType=INTEGER}
    </update>
    <update id="updateByPrimaryKey" parameterType="com.yaozj.menu.domain.OrderDetail">
    update orderdetail
    set orderNo = #{orderNo,jdbcType=VARCHAR},
      commodityId = #{commodityId,jdbcType=INTEGER},
      price = #{price,jdbcType=DECIMAL},
      weight = #{weight,jdbcType=DECIMAL},
      unitId = #{unitId,jdbcType=INTEGER},
      subtotal = #{subtotal,jdbcType=DECIMAL},
      type = #{type,jdbcType=INTEGER}
    where id = #{id,jdbcType=INTEGER}
  </update>
    <resultMap id="getOrderDetailByParamResultMap" type="com.yaozj.menu.domain.vo.OrderDetailVo">
        <id column="no" jdbcType="INTEGER" property="no"/>
        <id column="id" jdbcType="INTEGER" property="id"/>
        <result column="orderNo" jdbcType="VARCHAR" property="orderNo"/>
        <result column="commodityId" jdbcType="INTEGER" property="commodityId"/>
        <result column="commodityName" jdbcType="VARCHAR" property="commodityName"/>
        <result column="initial" jdbcType="VARCHAR" property="initial"/>
        <result column="price" jdbcType="DECIMAL" property="price"/>
        <result column="weight" jdbcType="DECIMAL" property="weight"/>
        <result column="unitId" jdbcType="INTEGER" property="unitId"/>
        <result column="subtotal" jdbcType="DECIMAL" property="subtotal"/>
        <result column="type" jdbcType="INTEGER" property="type"/>
    </resultMap>

    <select id="getOrderDetailByParam" resultMap="getOrderDetailByParamResultMap">
        SELECT
            (@i :=@i + 1) no,
            a.id id,
            a.orderNo orderNo,
            a.commodityId commodityId,
            b.`name` commodityName,
            b.initial initial,
            a.price price,
            a.weight weight,
            a.unitId unitId,
            a.subtotal subtotal,
            a.type type
        FROM
            orderdetail a,
            `commodity` b,
            (SELECT @i:=0)c
        WHERE
            a.commodityId = b.id
        AND a.orderNo = #{orderNo,jdbcType=VARCHAR}
        AND type = #{type,jdbcType=INTEGER}
    </select>

    <delete id="deleteByBatch" parameterType="java.util.List">
        delete from orderdetail
        where id IN
        <foreach collection="list" item="orderDetailVo" open="(" separator="," close=")">
            #{orderDetailVo.id}
        </foreach>
    </delete>

    <update id="updateByBatch" parameterType="java.util.List">
        UPDATE
        orderdetail
        SET
        price = CASE id
        <foreach collection="list" item="item" index="index">
            WHEN #{item.id} THEN #{item.price}
        </foreach>
        END,
        weight = CASE id
        <foreach collection="list" item="item" index="index">
            WHEN #{item.id} THEN #{item.weight}
        </foreach>
        END,
        unitId = CASE id
        <foreach collection="list" item="item" index="index">
            WHEN #{item.id} THEN #{item.unitId}
        </foreach>
        END,
        subtotal = CASE id
        <foreach collection="list" item="item" index="index">
            WHEN #{item.id} THEN #{item.subtotal}
        </foreach>
        END
        WHERE id IN
        <foreach collection="list" index="index" item="item" open="(" separator="," close=")">
            #{item.id}
        </foreach>
    </update>

    <insert id="insertList" parameterType="java.util.List">
        insert into orderdetail
        (orderNo, commodityId, price, weight, unitId, subtotal, type)
        VALUES
        <foreach collection="list" item="item" index="index" separator=",">
            (
            #{item.orderNo,jdbcType=VARCHAR},
            #{item.commodityId,jdbcType=INTEGER},
            #{item.price,jdbcType=DECIMAL},
            #{item.weight,jdbcType=DECIMAL},
            #{item.unitId,jdbcType=INTEGER},
            #{item.subtotal,jdbcType=DECIMAL},
            #{item.type,jdbcType=INTEGER}
            )
        </foreach>
    </insert>
</mapper>